{
    "text": " Walking's my favorite exercise. Here's a nice quiet place to rest. Our janitor sweeps the floors every night. It would be much easier if everyone would help. Good morning. Open your window before you go to bed. Do you think that she should stay out so late? How do you feel about changing the time when we begin work? Here we go. Move out of the way.",
    "segments": [
        {
            "id": 0,
            "seek": 0,
            "start": 0.0,
            "end": 4.0,
            "text": " Walking's my favorite exercise.",
            "tokens": [
                50365,
                26964,
                311,
                452,
                2954,
                5380,
                13,
                50565
            ],
            "temperature": 0.0,
            "avg_logprob": -0.16313740464507556,
            "compression_ratio": 1.3636363636363635,
            "no_speech_prob": 0.004330677445977926
        },
        {
            "id": 1,
            "seek": 0,
            "start": 4.0,
            "end": 8.0,
            "text": " Here's a nice quiet place to rest.",
            "tokens": [
                50565,
                1692,
                311,
                257,
                1481,
                5677,
                1081,
                281,
                1472,
                13,
                50765
            ],
            "temperature": 0.0,
            "avg_logprob": -0.16313740464507556,
            "compression_ratio": 1.3636363636363635,
            "no_speech_prob": 0.004330677445977926
        },
        {
            "id": 2,
            "seek": 0,
            "start": 8.0,
            "end": 14.0,
            "text": " Our janitor sweeps the floors every night.",
            "tokens": [
                50765,
                2621,
                25442,
                3029,
                2484,
                10653,
                264,
                21008,
                633,
                1818,
                13,
                51065
            ],
            "temperature": 0.0,
            "avg_logprob": -0.16313740464507556,
            "compression_ratio": 1.3636363636363635,
            "no_speech_prob": 0.004330677445977926
        },
        {
            "id": 3,
            "seek": 0,
            "start": 14.0,
            "end": 20.0,
            "text": " It would be much easier if everyone would help.",
            "tokens": [
                51065,
                467,
                576,
                312,
                709,
                3571,
                498,
                1518,
                576,
                854,
                13,
                51365
            ],
            "temperature": 0.0,
            "avg_logprob": -0.16313740464507556,
            "compression_ratio": 1.3636363636363635,
            "no_speech_prob": 0.004330677445977926
        },
        {
            "id": 4,
            "seek": 0,
            "start": 20.0,
            "end": 24.0,
            "text": " Good morning.",
            "tokens": [
                51365,
                2205,
                2446,
                13,
                51565
            ],
            "temperature": 0.0,
            "avg_logprob": -0.16313740464507556,
            "compression_ratio": 1.3636363636363635,
            "no_speech_prob": 0.004330677445977926
        },
        {
            "id": 5,
            "seek": 0,
            "start": 24.0,
            "end": 28.0,
            "text": " Open your window before you go to bed.",
            "tokens": [
                51565,
                7238,
                428,
                4910,
                949,
                291,
                352,
                281,
                2901,
                13,
                51765
            ],
            "temperature": 0.0,
            "avg_logprob": -0.16313740464507556,
            "compression_ratio": 1.3636363636363635,
            "no_speech_prob": 0.004330677445977926
        },
        {
            "id": 6,
            "seek": 2800,
            "start": 28.0,
            "end": 32.0,
            "text": " Do you think that she should stay out so late?",
            "tokens": [
                50365,
                1144,
                291,
                519,
                300,
                750,
                820,
                1754,
                484,
                370,
                3469,
                30,
                50565
            ],
            "temperature": 0.0,
            "avg_logprob": -0.08100536257721656,
            "compression_ratio": 1.2522522522522523,
            "no_speech_prob": 0.0009768196614459157
        },
        {
            "id": 7,
            "seek": 2800,
            "start": 32.0,
            "end": 36.0,
            "text": " How do you feel about changing the time when we begin work?",
            "tokens": [
                50565,
                1012,
                360,
                291,
                841,
                466,
                4473,
                264,
                565,
                562,
                321,
                1841,
                589,
                30,
                50765
            ],
            "temperature": 0.0,
            "avg_logprob": -0.08100536257721656,
            "compression_ratio": 1.2522522522522523,
            "no_speech_prob": 0.0009768196614459157
        },
        {
            "id": 8,
            "seek": 2800,
            "start": 36.0,
            "end": 40.0,
            "text": " Here we go.",
            "tokens": [
                50765,
                1692,
                321,
                352,
                13,
                50965
            ],
            "temperature": 0.0,
            "avg_logprob": -0.08100536257721656,
            "compression_ratio": 1.2522522522522523,
            "no_speech_prob": 0.0009768196614459157
        },
        {
            "id": 9,
            "seek": 2800,
            "start": 40.0,
            "end": 44.0,
            "text": " Move out of the way.",
            "tokens": [
                50965,
                10475,
                484,
                295,
                264,
                636,
                13,
                51165
            ],
            "temperature": 0.0,
            "avg_logprob": -0.08100536257721656,
            "compression_ratio": 1.2522522522522523,
            "no_speech_prob": 0.0009768196614459157
        }
    ],
    "language": "en"
}